age,year,mon,day,classCd,startDay,endDay
2000,2004,11,20041122%5E20041128,CL0000,20041122,20041128
2000,2004,12,20041129%5E20041205,CL0000,20041129,20041205
2000,2004,12,20041206%5E20041212,CL0000,20041206,20041212
2000,2004,12,20041213%5E20041219,CL0000,20041213,20041219
2000,2004,12,20041220%5E20041226,CL0000,20041220,20041226
2000,2004,12,20041227%5E20050102,CL0000,20041227,20050102
2000,2005,1,20050103%5E20050109,CL0000,20050103,20050109
2000,2005,1,20050110%5E20050116,CL0000,20050110,20050116
2000,2005,1,20050117%5E20050123,CL0000,20050117,20050123
2000,2005,1,20050124%5E20050130,CL0000,20050124,20050130
2000,2005,2,20050131%5E20050206,CL0000,20050131,20050206
2000,2005,2,20050207%5E20050213,CL0000,20050207,20050213
2000,2005,2,20050214%5E20050220,CL0000,20050214,20050220
2000,2005,2,20050221%5E20050227,CL0000,20050221,20050227
2000,2005,3,20050228%5E20050306,CL0000,20050228,20050306
2000,2005,3,20050307%5E20050313,CL0000,20050307,20050313
2000,2005,3,20050314%5E20050320,CL0000,20050314,20050320
2000,2005,3,20050321%5E20050327,CL0000,20050321,20050327
2000,2005,3,20050328%5E20050403,CL0000,20050328,20050403
2000,2005,4,20050404%5E20050410,CL0000,20050404,20050410
2000,2005,4,20050411%5E20050417,CL0000,20050411,20050417
2000,2005,4,20050418%5E20050424,CL0000,20050418,20050424
2000,2005,4,20050425%5E20050501,CL0000,20050425,20050501
2000,2005,5,20050502%5E20050508,CL0000,20050502,20050508
2000,2005,5,20050509%5E20050515,CL0000,20050509,20050515
2000,2005,5,20050516%5E20050522,CL0000,20050516,20050522
2000,2005,5,20050523%5E20050529,CL0000,20050523,20050529
2000,2005,6,20050530%5E20050605,CL0000,20050530,20050605
2000,2005,6,20050606%5E20050612,CL0000,20050606,20050612
2000,2005,6,20050613%5E20050619,CL0000,20050613,20050619
2000,2005,6,20050620%5E20050626,CL0000,20050620,20050626
2000,2005,6,20050627%5E20050703,CL0000,20050627,20050703
2000,2005,7,20050704%5E20050710,CL0000,20050704,20050710
2000,2005,7,20050711%5E20050717,CL0000,20050711,20050717
2000,2005,7,20050718%5E20050724,CL0000,20050718,20050724
2000,2005,7,20050725%5E20050731,CL0000,20050725,20050731
2000,2005,8,20050801%5E20050807,CL0000,20050801,20050807
2000,2005,8,20050808%5E20050814,CL0000,20050808,20050814
2000,2005,8,20050815%5E20050821,CL0000,20050815,20050821
2000,2005,8,20050822%5E20050828,CL0000,20050822,20050828
2000,2005,9,20050829%5E20050904,CL0000,20050829,20050904
2000,2005,9,20050905%5E20050911,CL0000,20050905,20050911
2000,2005,9,20050912%5E20050918,CL0000,20050912,20050918
2000,2005,9,20050919%5E20050925,CL0000,20050919,20050925
2000,2005,9,20050926%5E20051002,CL0000,20050926,20051002
2000,2005,10,20051003%5E20051009,CL0000,20051003,20051009
2000,2005,10,20051010%5E20051016,CL0000,20051010,20051016
2000,2005,10,20051017%5E20051023,CL0000,20051017,20051023
2000,2005,10,20051024%5E20051030,CL0000,20051024,20051030
2000,2005,11,20051031%5E20051106,CL0000,20051031,20051106
2000,2005,11,20051107%5E20051113,CL0000,20051107,20051113
2000,2005,11,20051114%5E20051120,CL0000,20051114,20051120
2000,2005,11,20051121%5E20051127,CL0000,20051121,20051127
2000,2005,12,20051128%5E20051204,CL0000,20051128,20051204
2000,2005,12,20051205%5E20051211,CL0000,20051205,20051211
2000,2005,12,20051212%5E20051218,CL0000,20051212,20051218
2000,2005,12,20051219%5E20051225,CL0000,20051219,20051225
2000,2005,12,20051226%5E20060101,CL0000,20051226,20060101
2000,2006,1,20060102%5E20060108,CL0000,20060102,20060108
2000,2006,1,20060109%5E20060115,CL0000,20060109,20060115
2000,2006,1,20060116%5E20060122,CL0000,20060116,20060122
2000,2006,1,20060123%5E20060129,CL0000,20060123,20060129
2000,2006,2,20060130%5E20060205,CL0000,20060130,20060205
2000,2006,2,20060206%5E20060212,CL0000,20060206,20060212
2000,2006,2,20060213%5E20060219,CL0000,20060213,20060219
2000,2006,2,20060220%5E20060226,CL0000,20060220,20060226
2000,2006,3,20060227%5E20060305,CL0000,20060227,20060305
2000,2006,3,20060306%5E20060312,CL0000,20060306,20060312
2000,2006,3,20060313%5E20060319,CL0000,20060313,20060319
2000,2006,3,20060320%5E20060326,CL0000,20060320,20060326
2000,2006,3,20060327%5E20060402,CL0000,20060327,20060402
2000,2006,4,20060403%5E20060409,CL0000,20060403,20060409
2000,2006,4,20060410%5E20060416,CL0000,20060410,20060416
2000,2006,4,20060417%5E20060423,CL0000,20060417,20060423
2000,2006,4,20060424%5E20060430,CL0000,20060424,20060430
2000,2006,5,20060501%5E20060507,CL0000,20060501,20060507
2000,2006,5,20060508%5E20060514,CL0000,20060508,20060514
2000,2006,5,20060515%5E20060521,CL0000,20060515,20060521
2000,2006,5,20060522%5E20060528,CL0000,20060522,20060528
2000,2006,6,20060529%5E20060604,CL0000,20060529,20060604
2000,2006,6,20060605%5E20060611,CL0000,20060605,20060611
2000,2006,6,20060612%5E20060618,CL0000,20060612,20060618
2000,2006,6,20060619%5E20060625,CL0000,20060619,20060625
2000,2006,6,20060626%5E20060702,CL0000,20060626,20060702
2000,2006,7,20060703%5E20060709,CL0000,20060703,20060709
2000,2006,7,20060710%5E20060716,CL0000,20060710,20060716
2000,2006,7,20060717%5E20060723,CL0000,20060717,20060723
2000,2006,7,20060724%5E20060730,CL0000,20060724,20060730
2000,2006,8,20060731%5E20060806,CL0000,20060731,20060806
2000,2006,8,20060807%5E20060813,CL0000,20060807,20060813
2000,2006,8,20060814%5E20060820,CL0000,20060814,20060820
2000,2006,8,20060821%5E20060827,CL0000,20060821,20060827
2000,2006,8,20060828%5E20060903,CL0000,20060828,20060903
2000,2006,9,20060904%5E20060910,CL0000,20060904,20060910
2000,2006,9,20060911%5E20060917,CL0000,20060911,20060917
2000,2006,9,20060918%5E20060924,CL0000,20060918,20060924
2000,2006,9,20060925%5E20061001,CL0000,20060925,20061001
2000,2006,10,20061002%5E20061008,CL0000,20061002,20061008
2000,2006,10,20061009%5E20061015,CL0000,20061009,20061015
2000,2006,10,20061016%5E20061022,CL0000,20061016,20061022
2000,2006,10,20061023%5E20061029,CL0000,20061023,20061029
2000,2006,11,20061030%5E20061105,CL0000,20061030,20061105
2000,2006,11,20061106%5E20061112,CL0000,20061106,20061112
2000,2006,11,20061113%5E20061119,CL0000,20061113,20061119
2000,2006,11,20061120%5E20061126,CL0000,20061120,20061126
2000,2006,11,20061127%5E20061203,CL0000,20061127,20061203
2000,2006,12,20061204%5E20061210,CL0000,20061204,20061210
2000,2006,12,20061211%5E20061217,CL0000,20061211,20061217
2000,2006,12,20061218%5E20061224,CL0000,20061218,20061224
2000,2006,12,20061225%5E20061231,CL0000,20061225,20061231
2000,2007,1,20070101%5E20070107,CL0000,20070101,20070107
2000,2007,1,20070108%5E20070114,CL0000,20070108,20070114
2000,2007,1,20070115%5E20070121,CL0000,20070115,20070121
2000,2007,1,20070122%5E20070128,CL0000,20070122,20070128
2000,2007,2,20070129%5E20070204,CL0000,20070129,20070204
2000,2007,2,20070205%5E20070211,CL0000,20070205,20070211
2000,2007,2,20070212%5E20070218,CL0000,20070212,20070218
2000,2007,2,20070219%5E20070225,CL0000,20070219,20070225
2000,2007,3,20070226%5E20070304,CL0000,20070226,20070304
2000,2007,3,20070305%5E20070311,CL0000,20070305,20070311
2000,2007,3,20070312%5E20070318,CL0000,20070312,20070318
2000,2007,3,20070319%5E20070325,CL0000,20070319,20070325
2000,2007,3,20070326%5E20070401,CL0000,20070326,20070401
2000,2007,4,20070402%5E20070408,CL0000,20070402,20070408
2000,2007,4,20070409%5E20070415,CL0000,20070409,20070415
2000,2007,4,20070416%5E20070422,CL0000,20070416,20070422
2000,2007,4,20070423%5E20070429,CL0000,20070423,20070429
2000,2007,5,20070430%5E20070506,CL0000,20070430,20070506
2000,2007,5,20070507%5E20070513,CL0000,20070507,20070513
2000,2007,5,20070514%5E20070520,CL0000,20070514,20070520
2000,2007,5,20070521%5E20070527,CL0000,20070521,20070527
2000,2007,5,20070528%5E20070603,CL0000,20070528,20070603
2000,2007,6,20070604%5E20070610,CL0000,20070604,20070610
2000,2007,6,20070611%5E20070617,CL0000,20070611,20070617
2000,2007,6,20070618%5E20070624,CL0000,20070618,20070624
2000,2007,6,20070625%5E20070701,CL0000,20070625,20070701
2000,2007,7,20070702%5E20070708,CL0000,20070702,20070708
2000,2007,7,20070709%5E20070714,CL0000,20070709,20070714
2000,2007,7,20070715%5E20070721,CL0000,20070715,20070721
2000,2007,7,20070722%5E20070728,CL0000,20070722,20070728
2000,2007,8,20070729%5E20070804,CL0000,20070729,20070804
2000,2007,8,20070805%5E20070811,CL0000,20070805,20070811
2000,2007,8,20070812%5E20070818,CL0000,20070812,20070818
2000,2007,8,20070819%5E20070825,CL0000,20070819,20070825
2000,2007,8,20070826%5E20070901,CL0000,20070826,20070901
2000,2007,9,20070902%5E20070908,CL0000,20070902,20070908
2000,2007,9,20070909%5E20070915,CL0000,20070909,20070915
2000,2007,9,20070916%5E20070922,CL0000,20070916,20070922
2000,2007,9,20070923%5E20070929,CL0000,20070923,20070929
2000,2007,10,20070930%5E20071006,CL0000,20070930,20071006
2000,2007,10,20071007%5E20071013,CL0000,20071007,20071013
2000,2007,10,20071014%5E20071020,CL0000,20071014,20071020
2000,2007,10,20071021%5E20071027,CL0000,20071021,20071027
2000,2007,11,20071028%5E20071103,CL0000,20071028,20071103
2000,2007,11,20071104%5E20071110,CL0000,20071104,20071110
2000,2007,11,20071111%5E20071117,CL0000,20071111,20071117
2000,2007,11,20071118%5E20071124,CL0000,20071118,20071124
2000,2007,11,20071125%5E20071201,CL0000,20071125,20071201
2000,2007,12,20071202%5E20071208,CL0000,20071202,20071208
2000,2007,12,20071209%5E20071215,CL0000,20071209,20071215
2000,2007,12,20071216%5E20071222,CL0000,20071216,20071222
2000,2007,12,20071223%5E20071229,CL0000,20071223,20071229
2000,2008,1,20071230%5E20080105,CL0000,20071230,20080105
2000,2008,1,20080106%5E20080112,CL0000,20080106,20080112
2000,2008,1,20080113%5E20080119,CL0000,20080113,20080119
2000,2008,1,20080120%5E20080126,CL0000,20080120,20080126
2000,2008,1,20080127%5E20080202,CL0000,20080127,20080202
2000,2008,2,20080203%5E20080209,CL0000,20080203,20080209
2000,2008,2,20080210%5E20080216,CL0000,20080210,20080216
2000,2008,2,20080217%5E20080223,CL0000,20080217,20080223
2000,2008,2,20080224%5E20080301,CL0000,20080224,20080301
2000,2008,3,20080302%5E20080308,CL0000,20080302,20080308
2000,2008,3,20080309%5E20080315,CL0000,20080309,20080315
2000,2008,3,20080316%5E20080322,CL0000,20080316,20080322
2000,2008,3,20080323%5E20080329,CL0000,20080323,20080329
2000,2008,4,20080330%5E20080405,CL0000,20080330,20080405
2000,2008,4,20080406%5E20080412,CL0000,20080406,20080412
2000,2008,4,20080413%5E20080419,CL0000,20080413,20080419
2000,2008,4,20080420%5E20080426,CL0000,20080420,20080426
2000,2008,5,20080427%5E20080503,CL0000,20080427,20080503
2000,2008,5,20080504%5E20080510,CL0000,20080504,20080510
2000,2008,5,20080511%5E20080517,CL0000,20080511,20080517
2000,2008,5,20080518%5E20080524,CL0000,20080518,20080524
2000,2008,5,20080525%5E20080531,CL0000,20080525,20080531
2000,2008,6,20080601%5E20080607,CL0000,20080601,20080607
2000,2008,6,20080608%5E20080614,CL0000,20080608,20080614
2000,2008,6,20080615%5E20080621,CL0000,20080615,20080621
2000,2008,6,20080622%5E20080628,CL0000,20080622,20080628
2000,2008,7,20080629%5E20080705,CL0000,20080629,20080705
2000,2008,7,20080706%5E20080712,CL0000,20080706,20080712
2000,2008,7,20080713%5E20080719,CL0000,20080713,20080719
2000,2008,7,20080720%5E20080726,CL0000,20080720,20080726
2000,2008,7,20080727%5E20080802,CL0000,20080727,20080802
2000,2008,8,20080803%5E20080809,CL0000,20080803,20080809
2000,2008,8,20080810%5E20080816,CL0000,20080810,20080816
2000,2008,8,20080817%5E20080823,CL0000,20080817,20080823
2000,2008,8,20080824%5E20080830,CL0000,20080824,20080830
2000,2008,9,20080831%5E20080906,CL0000,20080831,20080906
2000,2008,9,20080907%5E20080913,CL0000,20080907,20080913
2000,2008,9,20080914%5E20080920,CL0000,20080914,20080920
2000,2008,9,20080921%5E20080927,CL0000,20080921,20080927
2000,2008,10,20080928%5E20081004,CL0000,20080928,20081004
2000,2008,10,20081005%5E20081011,CL0000,20081005,20081011
2000,2008,10,20081012%5E20081018,CL0000,20081012,20081018
2000,2008,10,20081019%5E20081025,CL0000,20081019,20081025
2000,2008,10,20081026%5E20081101,DP0000,20081026,20081101
2000,2008,11,20081102%5E20081108,DP0000,20081102,20081108
2000,2008,11,20081109%5E20081115,DP0000,20081109,20081115
2000,2008,11,20081116%5E20081122,DP0000,20081116,20081122
2000,2008,11,20081123%5E20081129,DP0000,20081123,20081129
2000,2008,12,20081130%5E20081206,DP0000,20081130,20081206
2000,2008,12,20081207%5E20081213,DP0000,20081207,20081213
2000,2008,12,20081214%5E20081220,DP0000,20081214,20081220
2000,2008,12,20081221%5E20081227,DP0000,20081221,20081227
2000,2009,1,20081228%5E20090103,DP0000,20081228,20090103
2000,2009,1,20090104%5E20090110,DP0000,20090104,20090110
2000,2009,1,20090111%5E20090117,DP0000,20090111,20090117
2000,2009,1,20090118%5E20090124,DP0000,20090118,20090124
2000,2009,1,20090125%5E20090131,DP0000,20090125,20090131
2000,2009,2,20090201%5E20090207,DP0000,20090201,20090207
2000,2009,2,20090208%5E20090214,DP0000,20090208,20090214
2000,2009,2,20090215%5E20090221,DP0000,20090215,20090221
2000,2009,2,20090222%5E20090228,DP0000,20090222,20090228
2000,2009,3,20090301%5E20090307,DP0000,20090301,20090307
2000,2009,3,20090308%5E20090314,DP0000,20090308,20090314
2000,2009,3,20090315%5E20090321,DP0000,20090315,20090321
2000,2009,3,20090322%5E20090328,DP0000,20090322,20090328
2000,2009,4,20090329%5E20090404,DP0000,20090329,20090404
2000,2009,4,20090405%5E20090411,DP0000,20090405,20090411
2000,2009,4,20090412%5E20090418,DP0000,20090412,20090418
2000,2009,4,20090419%5E20090425,DP0000,20090419,20090425
2000,2009,4,20090426%5E20090502,DP0000,20090426,20090502
2000,2009,5,20090503%5E20090509,DP0000,20090503,20090509
2000,2009,5,20090510%5E20090516,DP0000,20090510,20090516
2000,2009,5,20090517%5E20090523,DP0000,20090517,20090523
2000,2009,5,20090524%5E20090530,DP0000,20090524,20090530
2000,2009,6,20090531%5E20090606,DP0000,20090531,20090606
2000,2009,6,20090607%5E20090613,DP0000,20090607,20090613
2000,2009,6,20090614%5E20090620,DP0000,20090614,20090620
2000,2009,6,20090621%5E20090627,DP0000,20090621,20090627
2000,2009,7,20090628%5E20090704,DP0000,20090628,20090704
2000,2009,7,20090705%5E20090711,DP0000,20090705,20090711
2000,2009,7,20090712%5E20090718,DP0000,20090712,20090718
2000,2009,7,20090719%5E20090725,DP0000,20090719,20090725
2000,2009,7,20090726%5E20090801,DP0000,20090726,20090801
2000,2009,8,20090802%5E20090808,DP0000,20090802,20090808
2000,2009,8,20090809%5E20090815,DP0000,20090809,20090815
2000,2009,8,20090816%5E20090822,DP0000,20090816,20090822
2000,2009,8,20090823%5E20090829,DP0000,20090823,20090829
2000,2009,9,20090830%5E20090905,DP0000,20090830,20090905
2000,2009,9,20090906%5E20090912,DP0000,20090906,20090912
2000,2009,9,20090913%5E20090919,DP0000,20090913,20090919
2000,2009,9,20090920%5E20090926,DP0000,20090920,20090926
2000,2009,10,20090927%5E20091003,DP0000,20090927,20091003
2000,2009,10,20091004%5E20091010,DP0000,20091004,20091010
2000,2009,10,20091011%5E20091017,DP0000,20091011,20091017
2000,2009,10,20091018%5E20091024,DP0000,20091018,20091024
2000,2009,10,20091025%5E20091031,DP0000,20091025,20091031
2000,2009,11,20091101%5E20091107,DP0000,20091101,20091107
2000,2009,11,20091108%5E20091114,DP0000,20091108,20091114
2000,2009,11,20091115%5E20091121,DP0000,20091115,20091121
2000,2009,11,20091122%5E20091128,DP0000,20091122,20091128
2000,2009,12,20091129%5E20091205,DP0000,20091129,20091205
2000,2009,12,20091206%5E20091212,DP0000,20091206,20091212
2000,2009,12,20091213%5E20091219,DP0000,20091213,20091219
2000,2009,12,20091220%5E20091226,DP0000,20091220,20091226
2000,2009,12,20091227%5E20100102,DP0000,20091227,20100102
2010,2010,1,20100103%5E20100109,DP0000,20100103,20100109
2010,2010,1,20100110%5E20100116,DP0000,20100110,20100116
2010,2010,1,20100117%5E20100123,DP0000,20100117,20100123
2010,2010,1,20100124%5E20100130,DP0000,20100124,20100130
2010,2010,2,20100131%5E20100206,DP0000,20100131,20100206
2010,2010,2,20100207%5E20100213,DP0000,20100207,20100213
2010,2010,2,20100214%5E20100220,DP0000,20100214,20100220
2010,2010,2,20100221%5E20100227,DP0000,20100221,20100227
2010,2010,3,20100228%5E20100306,DP0000,20100228,20100306
2010,2010,3,20100307%5E20100313,DP0000,20100307,20100313
2010,2010,3,20100314%5E20100320,DP0000,20100314,20100320
2010,2010,3,20100321%5E20100327,DP0000,20100321,20100327
2010,2010,4,20100328%5E20100403,DP0000,20100328,20100403
2010,2010,4,20100404%5E20100410,DP0000,20100404,20100410
2010,2010,4,20100411%5E20100417,DP0000,20100411,20100417
2010,2010,4,20100418%5E20100424,DP0000,20100418,20100424
2010,2010,4,20100425%5E20100501,DP0000,20100425,20100501
2010,2010,5,20100502%5E20100508,DP0000,20100502,20100508
2010,2010,5,20100509%5E20100515,DP0000,20100509,20100515
2010,2010,5,20100516%5E20100522,DP0000,20100516,20100522
2010,2010,5,20100523%5E20100529,DP0000,20100523,20100529
2010,2010,6,20100530%5E20100605,DP0000,20100530,20100605
2010,2010,6,20100606%5E20100612,DP0000,20100606,20100612
2010,2010,6,20100613%5E20100619,DP0000,20100613,20100619
2010,2010,6,20100620%5E20100626,DP0000,20100620,20100626
2010,2010,7,20100627%5E20100703,DP0000,20100627,20100703
2010,2010,7,20100704%5E20100710,DP0000,20100704,20100710
2010,2010,7,20100711%5E20100717,DP0000,20100711,20100717
2010,2010,7,20100718%5E20100724,DP0000,20100718,20100724
2010,2010,7,20100725%5E20100731,DP0000,20100725,20100731
2010,2010,8,20100801%5E20100807,DP0000,20100801,20100807
2010,2010,8,20100808%5E20100814,DP0000,20100808,20100814
2010,2010,8,20100815%5E20100821,DP0000,20100815,20100821
2010,2010,8,20100822%5E20100828,DP0000,20100822,20100828
2010,2010,9,20100829%5E20100904,DP0000,20100829,20100904
2010,2010,9,20100905%5E20100911,DP0000,20100905,20100911
2010,2010,9,20100912%5E20100918,DP0000,20100912,20100918
2010,2010,9,20100919%5E20100925,DP0000,20100919,20100925
2010,2010,9,20100926%5E20101002,DP0000,20100926,20101002
2010,2010,10,20101003%5E20101009,DP0000,20101003,20101009
2010,2010,10,20101010%5E20101016,DP0000,20101010,20101016
2010,2010,10,20101017%5E20101023,DP0000,20101017,20101023
2010,2010,10,20101024%5E20101030,DP0000,20101024,20101030
2010,2010,11,20101031%5E20101106,DP0000,20101031,20101106
2010,2010,11,20101107%5E20101113,DP0000,20101107,20101113
2010,2010,11,20101114%5E20101120,DP0000,20101114,20101120
2010,2010,11,20101121%5E20101127,DP0000,20101121,20101127
2010,2010,12,20101128%5E20101204,DP0000,20101128,20101204
2010,2010,12,20101205%5E20101211,DP0000,20101205,20101211
2010,2010,12,20101212%5E20101218,DP0000,20101212,20101218
2010,2010,12,20101219%5E20101225,DP0000,20101219,20101225
2010,2010,12,20101226%5E20110101,DP0000,20101226,20110101
2010,2011,1,20110102%5E20110108,DP0000,20110102,20110108
2010,2011,1,20110109%5E20110115,DP0000,20110109,20110115
2010,2011,1,20110116%5E20110122,DP0000,20110116,20110122
2010,2011,1,20110123%5E20110129,DP0000,20110123,20110129
2010,2011,2,20110130%5E20110205,DP0000,20110130,20110205
2010,2011,2,20110206%5E20110212,DP0000,20110206,20110212
2010,2011,2,20110213%5E20110219,DP0000,20110213,20110219
2010,2011,2,20110220%5E20110226,DP0000,20110220,20110226
2010,2011,3,20110227%5E20110305,DP0000,20110227,20110305
2010,2011,3,20110306%5E20110312,DP0000,20110306,20110312
2010,2011,3,20110313%5E20110319,DP0000,20110313,20110319
2010,2011,3,20110320%5E20110326,DP0000,20110320,20110326
2010,2011,3,20110327%5E20110402,DP0000,20110327,20110402
2010,2011,4,20110403%5E20110409,DP0000,20110403,20110409
2010,2011,4,20110410%5E20110416,DP0000,20110410,20110416
2010,2011,4,20110417%5E20110423,DP0000,20110417,20110423
2010,2011,4,20110424%5E20110430,DP0000,20110424,20110430
2010,2011,5,20110501%5E20110507,DP0000,20110501,20110507
2010,2011,5,20110508%5E20110514,DP0000,20110508,20110514
2010,2011,5,20110515%5E20110521,DP0000,20110515,20110521
2010,2011,5,20110522%5E20110528,DP0000,20110522,20110528
2010,2011,6,20110529%5E20110604,DP0000,20110529,20110604
2010,2011,6,20110605%5E20110611,DP0000,20110605,20110611
2010,2011,6,20110612%5E20110618,DP0000,20110612,20110618
2010,2011,6,20110619%5E20110625,DP0000,20110619,20110625
2010,2011,6,20110626%5E20110702,DP0000,20110626,20110702
2010,2011,7,20110703%5E20110709,DP0000,20110703,20110709
2010,2011,7,20110710%5E20110716,DP0000,20110710,20110716
2010,2011,7,20110717%5E20110723,DP0000,20110717,20110723
2010,2011,7,20110724%5E20110730,DP0000,20110724,20110730
2010,2011,8,20110731%5E20110806,DP0000,20110731,20110806
2010,2011,8,20110807%5E20110813,DP0000,20110807,20110813
2010,2011,8,20110814%5E20110820,DP0000,20110814,20110820
2010,2011,8,20110821%5E20110827,DP0000,20110821,20110827
2010,2011,9,20110828%5E20110903,DP0000,20110828,20110903
2010,2011,9,20110904%5E20110910,DP0000,20110904,20110910
2010,2011,9,20110911%5E20110917,DP0000,20110911,20110917
2010,2011,9,20110918%5E20110924,DP0000,20110918,20110924
2010,2011,9,20110925%5E20111001,DP0000,20110925,20111001
2010,2011,10,20111002%5E20111008,DP0000,20111002,20111008
2010,2011,10,20111009%5E20111015,DP0000,20111009,20111015
2010,2011,10,20111016%5E20111022,DP0000,20111016,20111022
2010,2011,10,20111023%5E20111029,DP0000,20111023,20111029
2010,2011,11,20111030%5E20111105,DP0000,20111030,20111105
2010,2011,11,20111106%5E20111112,DP0000,20111106,20111112
2010,2011,11,20111113%5E20111119,DP0000,20111113,20111119
2010,2011,11,20111120%5E20111126,DP0000,20111120,20111126
2010,2011,12,20111127%5E20111203,DP0000,20111127,20111203
2010,2011,12,20111204%5E20111210,DP0000,20111204,20111210
2010,2011,12,20111211%5E20111217,DP0000,20111211,20111217
2010,2011,12,20111218%5E20111224,DP0000,20111218,20111224
2010,2011,12,20111225%5E20111231,DP0000,20111225,20111231
2010,2012,1,20120101%5E20120107,DP0000,20120101,20120107
2010,2012,1,20120108%5E20120114,DP0000,20120108,20120114
2010,2012,1,20120115%5E20120121,DP0000,20120115,20120121
2010,2012,1,20120122%5E20120128,DP0000,20120122,20120128
2010,2012,2,20120129%5E20120204,DP0000,20120129,20120204
2010,2012,2,20120205%5E20120211,DP0000,20120205,20120211
2010,2012,2,20120212%5E20120218,DP0000,20120212,20120218
2010,2012,2,20120219%5E20120225,DP0000,20120219,20120225
2010,2012,3,20120226%5E20120303,DP0000,20120226,20120303
2010,2012,3,20120304%5E20120310,DP0000,20120304,20120310
2010,2012,3,20120311%5E20120317,DP0000,20120311,20120317
2010,2012,3,20120318%5E20120324,DP0000,20120318,20120324
2010,2012,3,20120325%5E20120331,DP0000,20120325,20120331
2010,2012,4,20120401%5E20120407,DP0000,20120401,20120407
2010,2012,4,20120408%5E20120414,DP0000,20120408,20120414
2010,2012,4,20120415%5E20120421,DP0000,20120415,20120421
2010,2012,4,20120422%5E20120428,DP0000,20120422,20120428
2010,2012,5,20120429%5E20120505,DP0000,20120429,20120505
2010,2012,5,20120506%5E20120512,DP0000,20120506,20120512
2010,2012,5,20120513%5E20120519,DP0000,20120513,20120519
2010,2012,5,20120520%5E20120526,DP0000,20120520,20120526
2010,2012,5,20120527%5E20120602,DP0000,20120527,20120602
2010,2012,6,20120603%5E20120609,DP0000,20120603,20120609
2010,2012,6,20120610%5E20120616,DP0000,20120610,20120616
2010,2012,6,20120617%5E20120623,DP0000,20120617,20120623
2010,2012,6,20120624%5E20120630,DP0000,20120624,20120630
2010,2012,7,20120701%5E20120707,DP0000,20120701,20120707
2010,2012,7,20120708%5E20120714,DP0000,20120708,20120714
2010,2012,7,20120715%5E20120721,DP0000,20120715,20120721
2010,2012,7,20120722%5E20120728,DP0000,20120722,20120728
2010,2012,8,20120729%5E20120804,DP0000,20120729,20120804
2010,2012,8,20120805%5E20120811,DP0000,20120805,20120811
2010,2012,8,20120813%5E20120819,DP0000,20120813,20120819
2010,2012,8,20120820%5E20120826,DP0000,20120820,20120826
2010,2012,8,20120827%5E20120902,DP0000,20120827,20120902
2010,2012,9,20120903%5E20120909,DP0000,20120903,20120909
2010,2012,9,20120910%5E20120916,DP0000,20120910,20120916
2010,2012,9,20120917%5E20120923,DP0000,20120917,20120923
2010,2012,9,20120924%5E20120930,DP0000,20120924,20120930
2010,2012,10,20121001%5E20121007,DP0000,20121001,20121007
2010,2012,10,20121008%5E20121014,DP0000,20121008,20121014
2010,2012,10,20121015%5E20121021,DP0000,20121015,20121021
2010,2012,10,20121022%5E20121028,DP0000,20121022,20121028
2010,2012,11,20121029%5E20121104,DP0000,20121029,20121104
2010,2012,11,20121105%5E20121111,DP0000,20121105,20121111
2010,2012,11,20121112%5E20121118,DP0000,20121112,20121118
2010,2012,11,20121119%5E20121125,DP0000,20121119,20121125
2010,2012,11,20121126%5E20121202,DP0000,20121126,20121202
2010,2012,12,20121203%5E20121209,DP0000,20121203,20121209
2010,2012,12,20121210%5E20121216,DP0000,20121210,20121216
2010,2012,12,20121217%5E20121223,DP0000,20121217,20121223
2010,2012,12,20121224%5E20121230,DP0000,20121224,20121230
2010,2013,1,20121231%5E20130106,DP0000,20121231,20130106
2010,2013,1,20130107%5E20130113,DP0000,20130107,20130113
2010,2013,1,20130114%5E20130120,DP0000,20130114,20130120
2010,2013,1,20130121%5E20130127,DP0000,20130121,20130127
2010,2013,1,20130128%5E20130203,DP0000,20130128,20130203
2010,2013,2,20130204%5E20130210,DP0000,20130204,20130210
2010,2013,2,20130211%5E20130217,DP0000,20130211,20130217
2010,2013,2,20130218%5E20130224,DP0000,20130218,20130224
2010,2013,2,20130225%5E20130303,DP0000,20130225,20130303
2010,2013,3,20130304%5E20130310,DP0000,20130304,20130310
2010,2013,3,20130311%5E20130317,DP0000,20130311,20130317
2010,2013,3,20130318%5E20130324,DP0000,20130318,20130324
2010,2013,3,20130325%5E20130331,DP0000,20130325,20130331
2010,2013,4,20130401%5E20130407,DP0000,20130401,20130407
2010,2013,4,20130408%5E20130414,DP0000,20130408,20130414
2010,2013,4,20130415%5E20130421,DP0000,20130415,20130421
2010,2013,4,20130422%5E20130428,DP0000,20130422,20130428
2010,2013,5,20130429%5E20130505,DP0000,20130429,20130505
2010,2013,5,20130506%5E20130512,DP0000,20130506,20130512
2010,2013,5,20130513%5E20130519,DP0000,20130513,20130519
2010,2013,5,20130520%5E20130526,DP0000,20130520,20130526
2010,2013,5,20130527%5E20130602,DP0000,20130527,20130602
2010,2013,6,20130603%5E20130609,DP0000,20130603,20130609
2010,2013,6,20130610%5E20130616,DP0000,20130610,20130616
2010,2013,6,20130617%5E20130623,DP0000,20130617,20130623
2010,2013,6,20130624%5E20130630,DP0000,20130624,20130630
2010,2013,7,20130701%5E20130707,DP0000,20130701,20130707
2010,2013,7,20130708%5E20130714,DP0000,20130708,20130714
2010,2013,7,20130715%5E20130721,DP0000,20130715,20130721
2010,2013,7,20130722%5E20130728,DP0000,20130722,20130728
2010,2013,8,20130729%5E20130804,DP0000,20130729,20130804
2010,2013,8,20130805%5E20130811,DP0000,20130805,20130811
2010,2013,8,20130812%5E20130818,DP0000,20130812,20130818
2010,2013,8,20130819%5E20130825,DP0000,20130819,20130825
2010,2013,8,20130826%5E20130901,DP0000,20130826,20130901
2010,2013,9,20130902%5E20130908,DP0000,20130902,20130908
2010,2013,9,20130909%5E20130915,DP0000,20130909,20130915
2010,2013,9,20130916%5E20130922,DP0000,20130916,20130922
2010,2013,9,20130923%5E20130929,DP0000,20130923,20130929
2010,2013,10,20130930%5E20131006,DP0000,20130930,20131006
2010,2013,10,20131007%5E20131013,DP0000,20131007,20131013
2010,2013,10,20131014%5E20131020,DP0000,20131014,20131020
2010,2013,10,20131021%5E20131027,DP0000,20131021,20131027
2010,2013,10,20131028%5E20131103,DP0000,20131028,20131103
2010,2013,11,20131104%5E20131110,DP0000,20131104,20131110
2010,2013,11,20131111%5E20131117,DP0000,20131111,20131117
2010,2013,11,20131118%5E20131124,DP0000,20131118,20131124
2010,2013,11,20131125%5E20131201,DP0000,20131125,20131201
2010,2013,12,20131202%5E20131208,DP0000,20131202,20131208
2010,2013,12,20131209%5E20131215,DP0000,20131209,20131215
2010,2013,12,20131216%5E20131222,DP0000,20131216,20131222
2010,2013,12,20131223%5E20131229,DP0000,20131223,20131229
2010,2014,1,20131230%5E20140105,DP0000,20131230,20140105
2010,2014,1,20140106%5E20140112,DP0000,20140106,20140112
2010,2014,1,20140113%5E20140119,DP0000,20140113,20140119
2010,2014,1,20140120%5E20140126,DP0000,20140120,20140126
2010,2014,1,20140127%5E20140202,DP0000,20140127,20140202
2010,2014,2,20140203%5E20140209,DP0000,20140203,20140209
2010,2014,2,20140210%5E20140216,DP0000,20140210,20140216
2010,2014,2,20140217%5E20140223,DP0000,20140217,20140223
2010,2014,2,20140224%5E20140302,DP0000,20140224,20140302
2010,2014,3,20140303%5E20140309,DP0000,20140303,20140309
2010,2014,3,20140310%5E20140316,DP0000,20140310,20140316
2010,2014,3,20140317%5E20140323,DP0000,20140317,20140323
2010,2014,3,20140324%5E20140330,DP0000,20140324,20140330
2010,2014,4,20140331%5E20140406,DP0000,20140331,20140406
2010,2014,4,20140407%5E20140413,DP0000,20140407,20140413
2010,2014,4,20140414%5E20140420,DP0000,20140414,20140420
2010,2014,4,20140421%5E20140427,DP0000,20140421,20140427
2010,2014,5,20140428%5E20140504,DP0000,20140428,20140504
2010,2014,5,20140505%5E20140511,DP0000,20140505,20140511
2010,2014,5,20140512%5E20140518,DP0000,20140512,20140518
2010,2014,5,20140519%5E20140525,DP0000,20140519,20140525
2010,2014,5,20140526%5E20140601,DP0000,20140526,20140601
2010,2014,6,20140602%5E20140608,DP0000,20140602,20140608
2010,2014,6,20140609%5E20140615,DP0000,20140609,20140615
2010,2014,6,20140616%5E20140622,DP0000,20140616,20140622
2010,2014,6,20140623%5E20140629,DP0000,20140623,20140629
2010,2014,7,20140630%5E20140706,DP0000,20140630,20140706
2010,2014,7,20140707%5E20140713,DP0000,20140707,20140713
2010,2014,7,20140714%5E20140720,DP0000,20140714,20140720
2010,2014,7,20140721%5E20140727,DP0000,20140721,20140727
2010,2014,7,20140728%5E20140803,DP0000,20140728,20140803
2010,2014,8,20140804%5E20140810,DP0000,20140804,20140810
2010,2014,8,20140811%5E20140817,DP0000,20140811,20140817
2010,2014,8,20140818%5E20140824,DP0000,20140818,20140824
2010,2014,8,20140825%5E20140831,DP0000,20140825,20140831
2010,2014,9,20140901%5E20140907,DP0000,20140901,20140907
2010,2014,9,20140908%5E20140914,DP0000,20140908,20140914
2010,2014,9,20140915%5E20140921,DP0000,20140915,20140921
2010,2014,9,20140922%5E20140928,DP0000,20140922,20140928
2010,2014,10,20140929%5E20141005,DP0000,20140929,20141005
2010,2014,10,20141006%5E20141012,DP0000,20141006,20141012
2010,2014,10,20141013%5E20141019,DP0000,20141013,20141019
2010,2014,10,20141020%5E20141026,DP0000,20141020,20141026
2010,2014,10,20141027%5E20141102,DP0000,20141027,20141102
2010,2014,11,20141103%5E20141109,DP0000,20141103,20141109
2010,2014,11,20141110%5E20141116,DP0000,20141110,20141116
2010,2014,11,20141117%5E20141123,DP0000,20141117,20141123
2010,2014,11,20141124%5E20141130,DP0000,20141124,20141130
2010,2014,12,20141201%5E20141207,DP0000,20141201,20141207
2010,2014,12,20141208%5E20141214,DP0000,20141208,20141214
2010,2014,12,20141215%5E20141221,DP0000,20141215,20141221
2010,2014,12,20141222%5E20141228,DP0000,20141222,20141228
2010,2015,1,20141229%5E20150104,DP0000,20141229,20150104
2010,2015,1,20150105%5E20150111,DP0000,20150105,20150111
2010,2015,1,20150112%5E20150118,DP0000,20150112,20150118
2010,2015,1,20150119%5E20150125,DP0000,20150119,20150125
2010,2015,1,20150126%5E20150201,DP0000,20150126,20150201
2010,2015,2,20150202%5E20150208,DP0000,20150202,20150208
2010,2015,2,20150209%5E20150215,DP0000,20150209,20150215
2010,2015,2,20150216%5E20150222,DP0000,20150216,20150222
2010,2015,2,20150223%5E20150301,DP0000,20150223,20150301
2010,2015,3,20150302%5E20150308,DP0000,20150302,20150308
2010,2015,3,20150309%5E20150315,DP0000,20150309,20150315
2010,2015,3,20150316%5E20150322,DP0000,20150316,20150322
2010,2015,3,20150323%5E20150329,DP0000,20150323,20150329
2010,2015,4,20150330%5E20150405,DP0000,20150330,20150405
2010,2015,4,20150406%5E20150412,DP0000,20150406,20150412
2010,2015,4,20150413%5E20150419,DP0000,20150413,20150419
2010,2015,4,20150420%5E20150426,DP0000,20150420,20150426
2010,2015,4,20150427%5E20150503,DP0000,20150427,20150503
2010,2015,5,20150504%5E20150510,DP0000,20150504,20150510
2010,2015,5,20150511%5E20150517,DP0000,20150511,20150517
2010,2015,5,20150518%5E20150524,DP0000,20150518,20150524
2010,2015,5,20150525%5E20150531,DP0000,20150525,20150531
2010,2015,6,20150601%5E20150607,DP0000,20150601,20150607
2010,2015,6,20150608%5E20150614,DP0000,20150608,20150614
2010,2015,6,20150615%5E20150621,DP0000,20150615,20150621
2010,2015,6,20150622%5E20150628,DP0000,20150622,20150628
2010,2015,7,20150629%5E20150705,DP0000,20150629,20150705
2010,2015,7,20150706%5E20150712,DP0000,20150706,20150712
2010,2015,7,20150713%5E20150719,DP0000,20150713,20150719
2010,2015,7,20150720%5E20150726,DP0000,20150720,20150726
2010,2015,7,20150727%5E20150802,DP0000,20150727,20150802
2010,2015,8,20150803%5E20150809,DP0000,20150803,20150809
2010,2015,8,20150810%5E20150816,DP0000,20150810,20150816
2010,2015,8,20150817%5E20150823,DP0000,20150817,20150823
2010,2015,8,20150824%5E20150830,DP0000,20150824,20150830
2010,2015,9,20150831%5E20150906,DP0000,20150831,20150906
2010,2015,9,20150907%5E20150913,DP0000,20150907,20150913
2010,2015,9,20150914%5E20150920,DP0000,20150914,20150920
2010,2015,9,20150921%5E20150927,DP0000,20150921,20150927
2010,2015,10,20150928%5E20151004,DP0000,20150928,20151004
2010,2015,10,20151005%5E20151011,DP0000,20151005,20151011
2010,2015,10,20151012%5E20151018,DP0000,20151012,20151018
2010,2015,10,20151019%5E20151025,DP0000,20151019,20151025
2010,2015,10,20151026%5E20151101,DP0000,20151026,20151101
2010,2015,11,20151102%5E20151108,DP0000,20151102,20151108
2010,2015,11,20151109%5E20151115,DP0000,20151109,20151115
2010,2015,11,20151116%5E20151122,DP0000,20151116,20151122
2010,2015,11,20151123%5E20151129,DP0000,20151123,20151129
2010,2015,12,20151130%5E20151206,DP0000,20151130,20151206
2010,2015,12,20151207%5E20151213,DP0000,20151207,20151213
2010,2015,12,20151214%5E20151220,DP0000,20151214,20151220
2010,2015,12,20151221%5E20151227,DP0000,20151221,20151227
2010,2015,12,20151228%5E20160103,DP0000,20151228,20160103
2010,2016,1,20160104%5E20160110,DP0000,20160104,20160110
2010,2016,1,20160111%5E20160117,DP0000,20160111,20160117
2010,2016,1,20160118%5E20160124,DP0000,20160118,20160124
2010,2016,1,20160125%5E20160131,DP0000,20160125,20160131
2010,2016,2,20160201%5E20160207,DP0000,20160201,20160207
2010,2016,2,20160208%5E20160214,DP0000,20160208,20160214
2010,2016,2,20160215%5E20160221,DP0000,20160215,20160221
2010,2016,2,20160222%5E20160228,DP0000,20160222,20160228
2010,2016,3,20160229%5E20160306,DP0000,20160229,20160306
2010,2016,3,20160307%5E20160313,DP0000,20160307,20160313
2010,2016,3,20160314%5E20160320,DP0000,20160314,20160320
2010,2016,3,20160321%5E20160327,DP0000,20160321,20160327
2010,2016,3,20160328%5E20160403,DP0000,20160328,20160403
2010,2016,4,20160404%5E20160410,DP0000,20160404,20160410
2010,2016,4,20160411%5E20160417,DP0000,20160411,20160417
2010,2016,4,20160418%5E20160424,DP0000,20160418,20160424
2010,2016,4,20160425%5E20160501,DP0000,20160425,20160501
2010,2016,5,20160502%5E20160508,DP0000,20160502,20160508
2010,2016,5,20160509%5E20160515,DP0000,20160509,20160515
2010,2016,5,20160516%5E20160522,DP0000,20160516,20160522
2010,2016,5,20160523%5E20160529,DP0000,20160523,20160529
2010,2016,6,20160530%5E20160605,DP0000,20160530,20160605
2010,2016,6,20160606%5E20160612,DP0000,20160606,20160612
2010,2016,6,20160613%5E20160619,DP0000,20160613,20160619
2010,2016,6,20160620%5E20160626,DP0000,20160620,20160626
2010,2016,6,20160627%5E20160703,DP0000,20160627,20160703
2010,2016,7,20160704%5E20160710,DP0000,20160704,20160710
2010,2016,7,20160711%5E20160717,DP0000,20160711,20160717
2010,2016,7,20160718%5E20160724,DP0000,20160718,20160724
2010,2016,7,20160725%5E20160731,DP0000,20160725,20160731
2010,2016,8,20160801%5E20160807,DP0000,20160801,20160807
2010,2016,8,20160808%5E20160814,DP0000,20160808,20160814
2010,2016,8,20160815%5E20160821,DP0000,20160815,20160821
2010,2016,8,20160822%5E20160828,DP0000,20160822,20160828
2010,2016,9,20160829%5E20160904,DP0000,20160829,20160904
2010,2016,9,20160905%5E20160911,DP0000,20160905,20160911
2010,2016,9,20160912%5E20160918,DP0000,20160912,20160918
2010,2016,9,20160919%5E20160925,DP0000,20160919,20160925
2010,2016,9,20160926%5E20161002,DP0000,20160926,20161002
2010,2016,10,20161003%5E20161009,DP0000,20161003,20161009
2010,2016,10,20161010%5E20161016,DP0000,20161010,20161016
2010,2016,10,20161017%5E20161023,DP0000,20161017,20161023
2010,2016,10,20161024%5E20161030,DP0000,20161024,20161030
2010,2016,11,20161031%5E20161106,DP0000,20161031,20161106
2010,2016,11,20161107%5E20161113,DP0000,20161107,20161113
2010,2016,11,20161114%5E20161120,DP0000,20161114,20161120
2010,2016,11,20161121%5E20161127,DP0000,20161121,20161127
2010,2016,12,20161128%5E20161204,DP0000,20161128,20161204
2010,2016,12,20161205%5E20161211,DP0000,20161205,20161211
2010,2016,12,20161212%5E20161218,DP0000,20161212,20161218
2010,2016,12,20161219%5E20161225,DP0000,20161219,20161225
2010,2016,12,20161226%5E20170101,DP0000,20161226,20170101
2010,2017,1,20170102%5E20170108,GN0000,20170102,20170108
2010,2017,1,20170109%5E20170115,GN0000,20170109,20170115
2010,2017,1,20170116%5E20170122,GN0000,20170116,20170122
2010,2017,1,20170123%5E20170129,GN0000,20170123,20170129
2010,2017,2,20170130%5E20170205,GN0000,20170130,20170205
2010,2017,2,20170206%5E20170212,GN0000,20170206,20170212
2010,2017,2,20170213%5E20170219,GN0000,20170213,20170219
2010,2017,2,20170220%5E20170226,GN0000,20170220,20170226
2010,2017,3,20170227%5E20170305,GN0000,20170227,20170305
2010,2017,3,20170306%5E20170312,GN0000,20170306,20170312
2010,2017,3,20170313%5E20170319,GN0000,20170313,20170319
2010,2017,3,20170320%5E20170326,GN0000,20170320,20170326
2010,2017,3,20170327%5E20170402,GN0000,20170327,20170402
2010,2017,4,20170403%5E20170409,GN0000,20170403,20170409
2010,2017,4,20170410%5E20170416,GN0000,20170410,20170416
2010,2017,4,20170417%5E20170423,GN0000,20170417,20170423
2010,2017,4,20170424%5E20170430,GN0000,20170424,20170430
2010,2017,5,20170501%5E20170507,GN0000,20170501,20170507
2010,2017,5,20170508%5E20170514,GN0000,20170508,20170514
2010,2017,5,20170515%5E20170521,GN0000,20170515,20170521
2010,2017,5,20170522%5E20170528,GN0000,20170522,20170528
2010,2017,6,20170529%5E20170604,GN0000,20170529,20170604
2010,2017,6,20170605%5E20170611,GN0000,20170605,20170611
2010,2017,6,20170612%5E20170618,GN0000,20170612,20170618
2010,2017,6,20170619%5E20170625,GN0000,20170619,20170625
2010,2017,6,20170626%5E20170702,GN0000,20170626,20170702
2010,2017,7,20170703%5E20170709,GN0000,20170703,20170709
2010,2017,7,20170710%5E20170716,GN0000,20170710,20170716
2010,2017,7,20170717%5E20170723,GN0000,20170717,20170723
2010,2017,7,20170724%5E20170730,GN0000,20170724,20170730
2010,2017,8,20170731%5E20170806,GN0000,20170731,20170806
2010,2017,8,20170807%5E20170813,GN0000,20170807,20170813
2010,2017,8,20170814%5E20170820,GN0000,20170814,20170820
2010,2017,8,20170821%5E20170827,GN0000,20170821,20170827
2010,2017,8,20170828%5E20170903,GN0000,20170828,20170903
2010,2017,9,20170904%5E20170910,GN0000,20170904,20170910
2010,2017,9,20170911%5E20170917,GN0000,20170911,20170917
2010,2017,9,20170918%5E20170924,GN0000,20170918,20170924
2010,2017,9,20170925%5E20171001,GN0000,20170925,20171001
2010,2017,10,20171002%5E20171008,GN0000,20171002,20171008
2010,2017,10,20171009%5E20171015,GN0000,20171009,20171015
2010,2017,10,20171016%5E20171022,GN0000,20171016,20171022
2010,2017,10,20171023%5E20171029,GN0000,20171023,20171029
2010,2017,11,20171030%5E20171105,GN0000,20171030,20171105
2010,2017,11,20171106%5E20171112,GN0000,20171106,20171112
2010,2017,11,20171113%5E20171119,GN0000,20171113,20171119
2010,2017,11,20171120%5E20171126,GN0000,20171120,20171126
2010,2017,11,20171127%5E20171203,GN0000,20171127,20171203
2010,2017,12,20171204%5E20171210,GN0000,20171204,20171210
2010,2017,12,20171211%5E20171217,GN0000,20171211,20171217
2010,2017,12,20171218%5E20171224,GN0000,20171218,20171224
2010,2017,12,20171225%5E20171231,GN0000,20171225,20171231
2010,2018,1,20180101%5E20180107,GN0000,20180101,20180107
2010,2018,1,20180108%5E20180114,GN0000,20180108,20180114
2010,2018,1,20180115%5E20180121,GN0000,20180115,20180121
2010,2018,1,20180122%5E20180128,GN0000,20180122,20180128
2010,2018,2,20180129%5E20180204,GN0000,20180129,20180204
2010,2018,2,20180205%5E20180211,GN0000,20180205,20180211
2010,2018,2,20180212%5E20180218,GN0000,20180212,20180218
2010,2018,2,20180219%5E20180225,GN0000,20180219,20180225
2010,2018,3,20180226%5E20180304,GN0000,20180226,20180304
2010,2018,3,20180305%5E20180311,GN0000,20180305,20180311
2010,2018,3,20180312%5E20180318,GN0000,20180312,20180318
2010,2018,3,20180319%5E20180325,GN0000,20180319,20180325
2010,2018,3,20180326%5E20180401,GN0000,20180326,20180401
2010,2018,4,20180402%5E20180408,GN0000,20180402,20180408
2010,2018,4,20180409%5E20180415,GN0000,20180409,20180415
2010,2018,4,20180416%5E20180422,GN0000,20180416,20180422
2010,2018,4,20180423%5E20180429,GN0000,20180423,20180429
2010,2018,5,20180430%5E20180506,GN0000,20180430,20180506
2010,2018,5,20180507%5E20180513,GN0000,20180507,20180513
2010,2018,5,20180514%5E20180520,GN0000,20180514,20180520
2010,2018,5,20180521%5E20180527,GN0000,20180521,20180527
2010,2018,5,20180528%5E20180603,GN0000,20180528,20180603
2010,2018,6,20180604%5E20180610,GN0000,20180604,20180610
2010,2018,6,20180611%5E20180617,GN0000,20180611,20180617
2010,2018,6,20180618%5E20180624,GN0000,20180618,20180624
2010,2018,6,20180625%5E20180701,GN0000,20180625,20180701
2010,2018,7,20180702%5E20180708,GN0000,20180702,20180708
2010,2018,7,20180709%5E20180715,GN0000,20180709,20180715
2010,2018,7,20180716%5E20180722,GN0000,20180716,20180722
2010,2018,7,20180723%5E20180729,GN0000,20180723,20180729
2010,2018,8,20180730%5E20180805,GN0000,20180730,20180805
2010,2018,8,20180806%5E20180812,GN0000,20180806,20180812
2010,2018,8,20180813%5E20180819,GN0000,20180813,20180819
2010,2018,8,20180820%5E20180826,GN0000,20180820,20180826
2010,2018,8,20180827%5E20180902,GN0000,20180827,20180902
2010,2018,9,20180903%5E20180909,GN0000,20180903,20180909
2010,2018,9,20180910%5E20180916,GN0000,20180910,20180916
2010,2018,9,20180917%5E20180923,GN0000,20180917,20180923
2010,2018,9,20180924%5E20180930,GN0000,20180924,20180930
2010,2018,10,20181001%5E20181007,GN0000,20181001,20181007
2010,2018,10,20181008%5E20181014,GN0000,20181008,20181014
2010,2018,10,20181015%5E20181021,GN0000,20181015,20181021
2010,2018,10,20181022%5E20181028,GN0000,20181022,20181028
2010,2018,11,20181029%5E20181104,GN0000,20181029,20181104
2010,2018,11,20181105%5E20181111,GN0000,20181105,20181111
2010,2018,11,20181112%5E20181118,GN0000,20181112,20181118
2010,2018,11,20181119%5E20181125,GN0000,20181119,20181125
2010,2018,11,20181126%5E20181202,GN0000,20181126,20181202
2010,2018,12,20181203%5E20181209,GN0000,20181203,20181209
2010,2018,12,20181210%5E20181216,GN0000,20181210,20181216
2010,2018,12,20181217%5E20181223,GN0000,20181217,20181223
2010,2018,12,20181224%5E20181230,GN0000,20181224,20181230
2010,2019,1,20181231%5E20190106,GN0000,20181231,20190106
2010,2019,1,20190107%5E20190113,GN0000,20190107,20190113
2010,2019,1,20190114%5E20190120,GN0000,20190114,20190120
2010,2019,1,20190121%5E20190127,GN0000,20190121,20190127
2010,2019,1,20190128%5E20190203,GN0000,20190128,20190203
2010,2019,2,20190204%5E20190210,GN0000,20190204,20190210
2010,2019,2,20190211%5E20190217,GN0000,20190211,20190217
2010,2019,2,20190218%5E20190224,GN0000,20190218,20190224
2010,2019,2,20190225%5E20190303,GN0000,20190225,20190303
2010,2019,3,20190304%5E20190310,GN0000,20190304,20190310
2010,2019,3,20190311%5E20190317,GN0000,20190311,20190317
2010,2019,3,20190318%5E20190324,GN0000,20190318,20190324
2010,2019,3,20190325%5E20190331,GN0000,20190325,20190331
2010,2019,4,20190401%5E20190407,GN0000,20190401,20190407
2010,2019,4,20190408%5E20190414,GN0000,20190408,20190414
2010,2019,4,20190415%5E20190421,GN0000,20190415,20190421
2010,2019,4,20190422%5E20190428,GN0000,20190422,20190428
2010,2019,5,20190429%5E20190505,GN0000,20190429,20190505
2010,2019,5,20190506%5E20190512,GN0000,20190506,20190512
2010,2019,5,20190513%5E20190519,GN0000,20190513,20190519
2010,2019,5,20190520%5E20190526,GN0000,20190520,20190526
2010,2019,5,20190527%5E20190602,GN0000,20190527,20190602
2010,2019,6,20190603%5E20190609,GN0000,20190603,20190609
2010,2019,6,20190610%5E20190616,GN0000,20190610,20190616
2010,2019,6,20190617%5E20190623,GN0000,20190617,20190623
2010,2019,6,20190624%5E20190630,GN0000,20190624,20190630
2010,2019,7,20190701%5E20190707,GN0000,20190701,20190707
2010,2019,7,20190708%5E20190714,GN0000,20190708,20190714
2010,2019,7,20190715%5E20190721,GN0000,20190715,20190721
2010,2019,7,20190722%5E20190728,GN0000,20190722,20190728
2010,2019,8,20190729%5E20190804,GN0000,20190729,20190804
2010,2019,8,20190805%5E20190811,GN0000,20190805,20190811
2010,2019,8,20190812%5E20190818,GN0000,20190812,20190818
2010,2019,8,20190819%5E20190825,GN0000,20190819,20190825
2010,2019,8,20190826%5E20190901,GN0000,20190826,20190901
2010,2019,9,20190902%5E20190908,GN0000,20190902,20190908
2010,2019,9,20190909%5E20190915,GN0000,20190909,20190915
2010,2019,9,20190916%5E20190922,GN0000,20190916,20190922
2010,2019,9,20190923%5E20190929,GN0000,20190923,20190929
2010,2019,10,20190930%5E20191006,GN0000,20190930,20191006
2010,2019,10,20191007%5E20191013,GN0000,20191007,20191013
2010,2019,10,20191014%5E20191020,GN0000,20191014,20191020
2010,2019,10,20191021%5E20191027,GN0000,20191021,20191027
2010,2019,10,20191028%5E20191103,GN0000,20191028,20191103
2010,2019,11,20191104%5E20191110,GN0000,20191104,20191110
2010,2019,11,20191111%5E20191117,GN0000,20191111,20191117
2010,2019,11,20191118%5E20191124,GN0000,20191118,20191124
2010,2019,11,20191125%5E20191201,GN0000,20191125,20191201
2010,2019,12,20191202%5E20191208,GN0000,20191202,20191208
2010,2019,12,20191209%5E20191215,GN0000,20191209,20191215
2010,2019,12,20191216%5E20191222,GN0000,20191216,20191222
2010,2019,12,20191223%5E20191229,GN0000,20191223,20191229
2020,2020,1,20191230%5E20200105,GN0000,20191230,20200105
2020,2020,1,20200106%5E20200112,GN0000,20200106,20200112
2020,2020,1,20200113%5E20200119,GN0000,20200113,20200119
2020,2020,1,20200120%5E20200126,GN0000,20200120,20200126
2020,2020,1,20200127%5E20200202,GN0000,20200127,20200202
2020,2020,2,20200203%5E20200209,GN0000,20200203,20200209
2020,2020,2,20200210%5E20200216,GN0000,20200210,20200216
2020,2020,2,20200217%5E20200223,GN0000,20200217,20200223
2020,2020,2,20200224%5E20200301,GN0000,20200224,20200301
2020,2020,3,20200302%5E20200308,GN0000,20200302,20200308
2020,2020,3,20200309%5E20200315,GN0000,20200309,20200315
2020,2020,3,20200316%5E20200322,GN0000,20200316,20200322
2020,2020,3,20200323%5E20200329,GN0000,20200323,20200329
2020,2020,4,20200330%5E20200405,GN0000,20200330,20200405
2020,2020,4,20200406%5E20200412,GN0000,20200406,20200412
2020,2020,4,20200413%5E20200419,GN0000,20200413,20200419
2020,2020,4,20200420%5E20200426,GN0000,20200420,20200426
2020,2020,4,20200427%5E20200503,GN0000,20200427,20200503
2020,2020,5,20200504%5E20200510,GN0000,20200504,20200510
2020,2020,5,20200511%5E20200517,GN0000,20200511,20200517
2020,2020,5,20200518%5E20200524,GN0000,20200518,20200524
2020,2020,5,20200525%5E20200531,GN0000,20200525,20200531
2020,2020,6,20200601%5E20200607,GN0000,20200601,20200607
2020,2020,6,20200608%5E20200614,GN0000,20200608,20200614
2020,2020,6,20200615%5E20200621,GN0000,20200615,20200621
2020,2020,6,20200622%5E20200628,GN0000,20200622,20200628
2020,2020,7,20200629%5E20200705,GN0000,20200629,20200705
2020,2020,7,20200706%5E20200712,GN0000,20200706,20200712
2020,2020,7,20200713%5E20200719,GN0000,20200713,20200719
2020,2020,7,20200720%5E20200726,GN0000,20200720,20200726
2020,2020,7,20200727%5E20200802,GN0000,20200727,20200802
2020,2020,8,20200803%5E20200809,GN0000,20200803,20200809
2020,2020,8,20200810%5E20200816,GN0000,20200810,20200816
2020,2020,8,20200817%5E20200823,GN0000,20200817,20200823
2020,2020,8,20200824%5E20200830,GN0000,20200824,20200830
2020,2020,9,20200831%5E20200906,GN0000,20200831,20200906
2020,2020,9,20200907%5E20200913,GN0000,20200907,20200913
2020,2020,9,20200914%5E20200920,GN0000,20200914,20200920
2020,2020,9,20200921%5E20200927,GN0000,20200921,20200927
2020,2020,10,20200928%5E20201004,GN0000,20200928,20201004
2020,2020,10,20201005%5E20201011,GN0000,20201005,20201011
2020,2020,10,20201012%5E20201018,GN0000,20201012,20201018
2020,2020,10,20201019%5E20201025,GN0000,20201019,20201025
2020,2020,10,20201026%5E20201101,GN0000,20201026,20201101
2020,2020,11,20201102%5E20201108,GN0000,20201102,20201108
2020,2020,11,20201109%5E20201115,GN0000,20201109,20201115
2020,2020,11,20201116%5E20201122,GN0000,20201116,20201122
2020,2020,11,20201123%5E20201129,GN0000,20201123,20201129
2020,2020,12,20201130%5E20201206,GN0000,20201130,20201206
2020,2020,12,20201207%5E20201213,GN0000,20201207,20201213
2020,2020,12,20201214%5E20201220,GN0000,20201214,20201220
2020,2020,12,20201221%5E20201227,GN0000,20201221,20201227
2020,2020,12,20201228%5E20210103,GN0000,20201228,20210103
2020,2021,1,20210104%5E20210110,GN0000,20210104,20210110
2020,2021,1,20210111%5E20210117,GN0000,20210111,20210117
2020,2021,1,20210118%5E20210124,GN0000,20210118,20210124
2020,2021,1,20210125%5E20210131,GN0000,20210125,20210131
2020,2021,2,20210201%5E20210207,GN0000,20210201,20210207
2020,2021,2,20210208%5E20210214,GN0000,20210208,20210214
2020,2021,2,20210215%5E20210221,GN0000,20210215,20210221
2020,2021,2,20210222%5E20210228,GN0000,20210222,20210228
2020,2021,3,20210301%5E20210307,GN0000,20210301,20210307
2020,2021,3,20210308%5E20210314,GN0000,20210308,20210314
2020,2021,3,20210315%5E20210321,GN0000,20210315,20210321
2020,2021,3,20210322%5E20210328,GN0000,20210322,20210328
2020,2021,4,20210329%5E20210404,GN0000,20210329,20210404
2020,2021,4,20210405%5E20210411,GN0000,20210405,20210411
2020,2021,4,20210412%5E20210418,GN0000,20210412,20210418
2020,2021,4,20210419%5E20210425,GN0000,20210419,20210425
2020,2021,4,20210426%5E20210502,GN0000,20210426,20210502
2020,2021,5,20210503%5E20210509,GN0000,20210503,20210509
2020,2021,5,20210510%5E20210516,GN0000,20210510,20210516
2020,2021,5,20210517%5E20210523,GN0000,20210517,20210523
2020,2021,5,20210524%5E20210530,GN0000,20210524,20210530
2020,2021,6,20210531%5E20210606,GN0000,20210531,20210606
2020,2021,6,20210607%5E20210613,GN0000,20210607,20210613
2020,2021,6,20210614%5E20210620,GN0000,20210614,20210620
2020,2021,6,20210621%5E20210627,GN0000,20210621,20210627
2020,2021,7,20210628%5E20210704,GN0000,20210628,20210704
2020,2021,7,20210705%5E20210711,GN0000,20210705,20210711
2020,2021,7,20210712%5E20210718,GN0000,20210712,20210718
2020,2021,7,20210719%5E20210725,GN0000,20210719,20210725
2020,2021,7,20210726%5E20210801,GN0000,20210726,20210801
2020,2021,8,20210802%5E20210808,GN0000,20210802,20210808
2020,2021,8,20210809%5E20210815,GN0000,20210809,20210815
2020,2021,8,20210816%5E20210822,GN0000,20210816,20210822
2020,2021,8,20210823%5E20210829,GN0000,20210823,20210829
2020,2021,9,20210830%5E20210905,GN0000,20210830,20210905
2020,2021,9,20210906%5E20210912,GN0000,20210906,20210912
2020,2021,9,20210913%5E20210919,GN0000,20210913,20210919
2020,2021,9,20210920%5E20210926,GN0000,20210920,20210926
2020,2021,9,20210927%5E20211003,GN0000,20210927,20211003
2020,2021,10,20211004%5E20211010,GN0000,20211004,20211010
2020,2021,10,20211011%5E20211017,GN0000,20211011,20211017
2020,2021,10,20211018%5E20211024,GN0000,20211018,20211024
2020,2021,10,20211025%5E20211031,GN0000,20211025,20211031
2020,2021,11,20211101%5E20211107,GN0000,20211101,20211107
2020,2021,11,20211108%5E20211114,GN0000,20211108,20211114
2020,2021,11,20211115%5E20211121,GN0000,20211115,20211121
2020,2021,11,20211122%5E20211128,GN0000,20211122,20211128
2020,2021,12,20211129%5E20211205,GN0000,20211129,20211205
2020,2021,12,20211206%5E20211212,GN0000,20211206,20211212
2020,2021,12,20211213%5E20211219,GN0000,20211213,20211219
2020,2021,12,20211220%5E20211226,GN0000,20211220,20211226
2020,2021,12,20211227%5E20220102,GN0000,20211227,20220102
2020,2022,1,20220103%5E20220109,GN0000,20220103,20220109
2020,2022,1,20220110%5E20220116,GN0000,20220110,20220116
2020,2022,1,20220117%5E20220123,GN0000,20220117,20220123
2020,2022,1,20220124%5E20220130,GN0000,20220124,20220130
2020,2022,2,20220131%5E20220206,GN0000,20220131,20220206
2020,2022,2,20220207%5E20220213,GN0000,20220207,20220213
2020,2022,2,20220214%5E20220220,GN0000,20220214,20220220
2020,2022,2,20220221%5E20220227,GN0000,20220221,20220227
2020,2022,3,20220228%5E20220306,GN0000,20220228,20220306
2020,2022,3,20220307%5E20220313,GN0000,20220307,20220313
2020,2022,3,20220314%5E20220320,GN0000,20220314,20220320
2020,2022,3,20220321%5E20220327,GN0000,20220321,20220327
2020,2022,3,20220328%5E20220403,GN0000,20220328,20220403
2020,2022,4,20220404%5E20220410,GN0000,20220404,20220410
2020,2022,4,20220411%5E20220417,GN0000,20220411,20220417
2020,2022,4,20220418%5E20220424,GN0000,20220418,20220424
2020,2022,4,20220425%5E20220501,GN0000,20220425,20220501
2020,2022,5,20220502%5E20220508,GN0000,20220502,20220508
2020,2022,5,20220509%5E20220515,GN0000,20220509,20220515
2020,2022,5,20220516%5E20220522,GN0000,20220516,20220522
2020,2022,5,20220523%5E20220529,GN0000,20220523,20220529
2020,2022,6,20220530%20220605,GN0000,20220530,20220605
2020,2022,6,20220606%20220612,GN0000,20220606,20220612
2020,2022,6,20220613%20220619,GN0000,20220613,20220619
2020,2022,6,20220620%20220626,GN0000,20220620,20220626
2020,2022,6,20220627%20220703,GN0000,20220627,20220703
2020,2022,7,20220704%20220710,GN0000,20220704,20220710
2020,2022,7,20220711%20220717,GN0000,20220711,20220717
2020,2022,7,20220718%20220724,GN0000,20220718,20220724